"","X","date","wx","wy"
"1",524221,"2009-12-31 01:00:00",-1.23165243194761,-3.38393724539244
"2",524222,"2009-12-31 01:01:00",-0.746732186571803,-2.99497921635972
"3",524223,"2009-12-31 01:02:00",-0.669946855515277,-1.94566694525218
"4",524224,"2009-12-31 01:03:00",-1.04621694152572,-2.34984172414837
"5",524225,"2009-12-31 01:04:00",-0.625326327996702,-3.54640183529599
"6",524226,"2009-12-31 01:05:00",0.215391516862621,-4.10991497463277
"7",524227,"2009-12-31 01:06:00",-0.215314963688474,-3.07914743578491
"8",524228,"2009-12-31 01:07:00",-0.143543309125649,-2.05276495718994
"9",524229,"2009-12-31 01:08:00",-0.0359131710327377,-2.05746419050445
"10",524230,"2009-12-31 01:09:00",-0.871187551000436,-3.49414241908634
"11",524231,"2009-12-31 01:10:00",-1.73442837767304,-4.29286087577068
"12",524232,"2009-12-31 01:11:00",-1.9321361314756,-3.63381955711804
"13",524233,"2009-12-31 01:12:00",-3.57363108595756,-3.70060331981337
"14",524234,"2009-12-31 01:13:00",-4.90074111158108,-2.8294442
"15",524235,"2009-12-31 01:14:00",-4.10853565784974,-3.09600368496442
"16",524236,"2009-12-31 01:15:00",-2.38462608081832,-3.96868425938386
"17",524237,"2009-12-31 01:16:00",-2.64542788954101,-3.15269819130941
"18",524238,"2009-12-31 01:17:00",-3.45159501699474,-2.24149201267908
"19",524239,"2009-12-31 01:18:00",-2.59042232386936,-2.5015417601703
"20",524240,"2009-12-31 01:19:00",-2.11667982011115,-2.91335983582716
"21",524241,"2009-12-31 01:20:00",-2.11667982011115,-2.91335983582716
"22",524242,"2009-12-31 01:21:00",-1.4491020986067,-2.72536466783853
"23",524243,"2009-12-31 01:22:00",-1.12758790793609,-2.31189781935974
"24",524244,"2009-12-31 01:23:00",-1.78681554297878,-1.85030165990669
"25",524245,"2009-12-31 01:24:00",-2.31189781935974,-1.12758790793609
"26",524246,"2009-12-31 01:25:00",-2.98545615613374,-2.01371560397186
"27",524247,"2009-12-31 01:26:00",-2.85890486876605,-2.9604826558507
"28",524248,"2009-12-31 01:27:00",-2.85890486876605,-2.9604826558507
"29",524249,"2009-12-31 01:28:00",-2.59042232386936,-2.5015417601703
"30",524250,"2009-12-31 01:29:00",-2.25744489730352,-2.10510142286002
"31",524251,"2009-12-31 01:30:00",-3.28682852627979,-2.47680294797153
"32",524252,"2009-12-31 01:31:00",-3.57363108595756,-3.70060331981337
"33",524253,"2009-12-31 01:32:00",-1.20327188970452,-3.9357250111884
"34",524254,"2009-12-31 01:33:00",-1.85760221097865,-2.46512139470984
"35",524255,"2009-12-31 01:34:00",-3.1186534346425,-1.8005554
"36",524256,"2009-12-31 01:35:00",-2.98545615613374,-2.01371560397186
"37",524257,"2009-12-31 01:36:00",-2.61764156399001,-1.63568398762136
"38",524258,"2009-12-31 01:37:00",-2.22036199188802,-2.14417865157454
"39",524259,"2009-12-31 01:38:00",-2.67614685699076,-2.40961345316943
"40",524260,"2009-12-31 01:39:00",-3.49018875198668,-2.18091198349514
"41",524261,"2009-12-31 01:40:00",-2.59042232386936,-2.5015417601703
"42",524262,"2009-12-31 01:41:00",-1.97043636956838,-1.65339243096313
"43",524263,"2009-12-31 01:42:00",-1.50496326486901,-1.40340094857334
"44",524264,"2009-12-31 01:43:00",-0.627730164915432,-1.40990503448902
"45",524265,"2009-12-31 01:44:00",-0.840559504754654,-1.29434813137303
"46",524266,"2009-12-31 01:45:00",-1.90034158966214,-2.43232631599655
"47",524267,"2009-12-31 01:46:00",-2.18091198349514,-3.49018875198668
"48",524268,"2009-12-31 01:47:00",-1.99526075361484,-3.59954568374002
"49",524269,"2009-12-31 01:48:00",-1.40706608669891,-3.31483996922
"50",524270,"2009-12-31 01:49:00",-2.06551229956926,-2.94985727353117
"51",524271,"2009-12-31 01:50:00",-1.40131722146527,-2.75023990039302
"52",524272,"2009-12-31 01:51:00",-1.85470917396981,-3.08675442396522
"53",524273,"2009-12-31 01:52:00",-2.80680189714669,-3.00992652973803
"54",524274,"2009-12-31 01:53:00",-2.11966762739406,-3.52771934167454
"55",524275,"2009-12-31 01:54:00",-1.25546032983086,-2.81981006897804
"56",524276,"2009-12-31 01:55:00",-1.45506849513378,-1.45506849513378
"57",524277,"2009-12-31 01:56:00",-2.24971605233751,-1.24703797100927
"58",524278,"2009-12-31 01:57:00",-1.51191415722225,-2.08097131130512
"59",524279,"2009-12-31 01:58:00",-0.966068065737799,-1.81690977855902
"60",524280,"2009-12-31 01:59:00",-0.963571320929464,-2.38492270876149
"61",524281,"2009-12-31 02:00:00",-1.36306998968446,-2.18136796999167
"62",524282,"2009-12-31 02:01:00",-1.61875175490699,-1.99899193927077
"63",524283,"2009-12-31 02:02:00",-1.63568398762136,-2.61764156399001
"64",524284,"2009-12-31 02:03:00",-2.5015417601703,-2.59042232386936
"65",524285,"2009-12-31 02:04:00",-1.52922677542329,-1.37692197323968
"66",524286,"2009-12-31 02:05:00",-1.66477704904409,-1.2095313257778
"67",524287,"2009-12-31 02:06:00",-1.23840147398577,-1.64341426313989
"68",524288,"2009-12-31 02:07:00",-1.58975072054555,-2.64578950625591
"69",524289,"2009-12-31 02:08:00",-2.54636986648411,-2.54636986648411
"70",524290,"2009-12-31 02:09:00",-2.21706518793916,-2.83771403532931
"71",524291,"2009-12-31 02:10:00",-1.63568398762136,-2.61764156399001
"72",524292,"2009-12-31 02:11:00",-2.10510142286002,-2.25744489730352
"73",524293,"2009-12-31 02:12:00",-1.72115246654959,-1.91153346927911
"74",524294,"2009-12-31 02:13:00",-1.04621694152572,-2.34984172414837
"75",524295,"2009-12-31 02:14:00",-1.54800184248221,-2.05426782892487
"76",524296,"2009-12-31 02:15:00",-3.14960247327252,-1.74585315941298
"77",524297,"2009-12-31 02:16:00",-2.91850041787827,-1.00492028327292
"78",524298,"2009-12-31 02:17:00",-1.51191415722225,-2.08097131130512
"79",524299,"2009-12-31 02:18:00",-0.850800564785176,-2.96709417845983
"80",524300,"2009-12-31 02:19:00",-2.91013699026756,-2.91013699026756
"81",524301,"2009-12-31 02:20:00",-3.83844362931481,-2.5890629193924
"82",524302,"2009-12-31 02:21:00",-3.24310175466206,-2.53378878621619
"83",524303,"2009-12-31 02:22:00",-2.75861091739574,-2.31474940334838
"84",524304,"2009-12-31 02:23:00",-2.94985727353117,-2.06551229956927
"85",524305,"2009-12-31 02:24:00",-3.37126545546419,-2.36058548522202
"86",524306,"2009-12-31 02:25:00",-3.273904114051,-3.273904114051
"87",524307,"2009-12-31 02:26:00",-2.16720257947509,-2.87597496049481
"88",524308,"2009-12-31 02:27:00",-1.91153346927911,-1.7211524665496
"89",524309,"2009-12-31 02:28:00",-1.72115246654959,-1.91153346927911
"90",524310,"2009-12-31 02:29:00",-1.85760221097865,-2.46512139470984
"91",524311,"2009-12-31 02:30:00",-2.75861091739574,-2.31474940334838
"92",524312,"2009-12-31 02:31:00",-3.45159501699474,-2.24149201267908
"93",524313,"2009-12-31 02:32:00",-2.18260274270067,-2.18260274270067
"94",524314,"2009-12-31 02:33:00",-1.36306998968446,-2.18136796999167
"95",524315,"2009-12-31 02:34:00",-1.45506849513378,-1.45506849513378
"96",524316,"2009-12-31 02:35:00",-1.52922677542329,-1.37692197323968
"97",524317,"2009-12-31 02:36:00",-1.68563272773209,-1.18029274261101
"98",524318,"2009-12-31 02:37:00",-2.02693859666379,-1.58361799138512
"99",524319,"2009-12-31 02:38:00",-1.54800184248221,-2.05426782892487
"100",524320,"2009-12-31 02:39:00",-1.59919355141662,-1.2950014039256
"101",524321,"2009-12-31 02:40:00",-1.42064570109429,-0.603028322870963
"102",524322,"2009-12-31 02:41:00",-1.45506849513378,-1.45506849513378
"103",524323,"2009-12-31 02:42:00",-1.35310548952331,-2.77427738323168
"104",524324,"2009-12-31 02:43:00",-2.54636986648411,-2.54636986648411
"105",524325,"2009-12-31 02:44:00",-3.14960247327252,-1.74585315941298
"106",524326,"2009-12-31 02:45:00",-2.59042232386936,-2.5015417601703
"107",524327,"2009-12-31 02:46:00",-2.46512139470984,-1.85760221097865
"108",524328,"2009-12-31 02:47:00",-2.9355941933493,-0.95383237356614
"109",524329,"2009-12-31 02:48:00",-3.84220177888878,-1.4748830782645
"110",524330,"2009-12-31 02:49:00",-2.59042232386936,-2.5015417601703
"111",524331,"2009-12-31 02:50:00",-1.15628558511536,-2.86190725051379
"112",524332,"2009-12-31 02:51:00",-1.40093250792442,-2.15724688562171
"113",524333,"2009-12-31 02:52:00",-1.47536592826376,-2.10704090966512
"114",524334,"2009-12-31 02:53:00",-1.04621694152572,-2.34984172414837
"115",524335,"2009-12-31 02:54:00",-1.20758508217225,-2.27113722319877
"116",524336,"2009-12-31 02:55:00",-2.32953670303174,-2.02503536120162
"117",524337,"2009-12-31 02:56:00",-2.67313151540786,-1.5433332
"118",524338,"2009-12-31 02:57:00",-2.79858871497908,-2.26625245686979
"119",524339,"2009-12-31 02:58:00",-3.05845355084658,-2.75384394647935
"120",524340,"2009-12-31 02:59:00",-2.58869626274606,-1.68111900950931
"121",524341,"2009-12-31 03:00:00",-1.2095313257778,-1.66477704904409
"122",524342,"2009-12-31 03:01:00",-0.188085003739365,-1.53182942836029
"123",524343,"2009-12-31 03:02:00",-0.794875360272774,-1.32289475312795
"124",524344,"2009-12-31 03:03:00",-1.55302446868782,-1.35002357413442
"125",524345,"2009-12-31 03:04:00",-2.20482458854659,-1.32479226712129
"126",524346,"2009-12-31 03:05:00",-1.45506849513378,-1.45506849513378
"127",524347,"2009-12-31 03:06:00",-0.836973553220576,-1.87987337931869
"128",524348,"2009-12-31 03:07:00",-0.669946855515277,-1.94566694525218
"129",524349,"2009-12-31 03:08:00",-0.392642476564357,-2.01997042964969
"130",524350,"2009-12-31 03:09:00",-1.62155087733103,-1.26689439310809
"131",524351,"2009-12-31 03:10:00",-1.34982963140251,-0.748222782605565
"132",524352,"2009-12-31 03:11:00",-1.24703797100927,-2.24971605233751
"133",524353,"2009-12-31 03:12:00",-1.12074600633954,-1.72579750849737
"134",524354,"2009-12-31 03:13:00",-1.11018099594401,-1.07208932578727
"135",524355,"2009-12-31 03:14:00",-0.676552744761657,-1.38713869161584
"136",524356,"2009-12-31 03:15:00",-0.863020973130799,-1.2794812097716
"137",524357,"2009-12-31 03:16:00",-1.24858278678307,-0.90714849433335
"138",524358,"2009-12-31 03:17:00",-1.14692008156747,-1.03269147992976
"139",524359,"2009-12-31 03:18:00",-1.26689439310809,-1.62155087733103
"140",524360,"2009-12-31 03:19:00",-0.665740041831696,-2.48457566074892
"141",524361,"2009-12-31 03:20:00",-0.3226444954119,-3.06975731849757
"142",524362,"2009-12-31 03:21:00",-1.24703797100927,-2.24971605233751
"143",524363,"2009-12-31 03:22:00",-1.12074600633954,-1.72579750849737
"144",524364,"2009-12-31 03:23:00",-1.34982963140251,-0.748222782605565
"145",524365,"2009-12-31 03:24:00",-1.53746035122897,-0.134510351353121
"146",524366,"2009-12-31 03:25:00",-1.78208767693857,-1.0288888
"147",524367,"2009-12-31 03:26:00",-2.08097131130512,-1.51191415722225
"148",524368,"2009-12-31 03:27:00",-2.22760959617322,-1.286111
"149",524369,"2009-12-31 03:28:00",-2.67313151540786,-1.5433332
"150",524370,"2009-12-31 03:29:00",-2.24971605233751,-1.24703797100927
"151",524371,"2009-12-31 03:30:00",-2.33122482858699,-1.08706799045119
"152",524372,"2009-12-31 03:31:00",-1.64341426313989,-1.23840147398577
"153",524373,"2009-12-31 03:32:00",-0.840559504754654,-1.29434813137303
"154",524374,"2009-12-31 03:33:00",-2.06538295985951,-2.29384016313494
"155",524375,"2009-12-31 03:34:00",-2.63368571352077,-2.45595166000335
"156",524376,"2009-12-31 03:35:00",-2.47680294797153,-3.28682852627979
"157",524377,"2009-12-31 03:36:00",-2.18091198349514,-3.49018875198668
"158",524378,"2009-12-31 03:37:00",-1.67394710644115,-3.75974675863739
"159",524379,"2009-12-31 03:38:00",-2.11966762739406,-3.52771934167454
"160",524380,"2009-12-31 03:39:00",-2.9604826558507,-2.85890486876605
"161",524381,"2009-12-31 03:40:00",-2.64578950625591,-1.58975072054555
"162",524382,"2009-12-31 03:41:00",-2.67313151540786,-1.5433332
"163",524383,"2009-12-31 03:42:00",-1.85470917396981,-3.08675442396522
"164",524384,"2009-12-31 03:43:00",-0.501177756936782,-3.56606503724041
"165",524385,"2009-12-31 03:44:00",-1.57862307111053,-3.23665694710363
"166",524386,"2009-12-31 03:45:00",-2.59042232386936,-2.5015417601703
"167",524387,"2009-12-31 03:46:00",-2.67313151540786,-1.5433332
"168",524388,"2009-12-31 03:47:00",-2.77427738323168,-1.35310548952331
"169",524389,"2009-12-31 03:48:00",-2.9604826558507,-2.85890486876605
"170",524390,"2009-12-31 03:49:00",-1.7393087847219,-3.72995972573918
"171",524391,"2009-12-31 03:50:00",-0.798888050198036,-2.9814907928987
"172",524392,"2009-12-31 03:51:00",-0.357329330283829,-2.02651533445485
"173",524393,"2009-12-31 03:52:00",0.10769575843131,-2.05495748731638
"174",524394,"2009-12-31 03:53:00",-0.578624050906485,-2.50629611678201
"175",524395,"2009-12-31 03:54:00",-1.62155087733103,-1.26689439310809
"176",524396,"2009-12-31 03:55:00",-1.90793816700919,-0.770857056743572
"177",524397,"2009-12-31 03:56:00",-1.24858278678307,-0.90714849433335
"178",524398,"2009-12-31 03:57:00",-1.59919355141662,-1.2950014039256
"179",524399,"2009-12-31 03:58:00",-1.87987337931869,-0.836973553220577
"180",524400,"2009-12-31 03:59:00",-2.20482458854659,-1.32479226712129
"181",524401,"2009-12-31 04:00:00",-2.27113722319877,-1.20758508217225
"182",524402,"2009-12-31 04:01:00",-1.87987337931869,-0.836973553220577
"183",524403,"2009-12-31 04:02:00",-1.83349326692868,-0.934211480976845
"184",524404,"2009-12-31 04:03:00",-2.38492270876149,-0.963571320929465
"185",524405,"2009-12-31 04:04:00",-1.89419426812571,-0.80403776382795
"186",524406,"2009-12-31 04:05:00",-1.76385967083727,-1.05983381369703
"187",524407,"2009-12-31 04:06:00",-1.42945243438303,-1.48024132792535
"188",524408,"2009-12-31 04:07:00",-1.97043636956838,-1.65339243096313
"189",524409,"2009-12-31 04:08:00",-1.86497986286959,-0.869654392360948
"190",524410,"2009-12-31 04:09:00",-1.90793816700919,-0.770857056743572
"191",524411,"2009-12-31 04:10:00",-1.89419426812571,-0.80403776382795
"192",524412,"2009-12-31 04:11:00",-0.869654392360948,-1.86497986286959
"193",524413,"2009-12-31 04:12:00",-0.837433569394096,-2.43208368156523
"194",524414,"2009-12-31 04:13:00",-2.21706518793916,-2.83771403532931
"195",524415,"2009-12-31 04:14:00",-2.26625245686979,-2.79858871497908
"196",524416,"2009-12-31 04:15:00",-1.58361799138512,-2.02693859666379
"197",524417,"2009-12-31 04:16:00",-1.16776435122106,-2.29186658366085
"198",524418,"2009-12-31 04:17:00",-1.00504720478494,-2.36774283515714
"199",524419,"2009-12-31 04:18:00",-1.286111,-2.22760959617322
"200",524420,"2009-12-31 04:19:00",-1.37692197323968,-1.52922677542329
"201",524421,"2009-12-31 04:20:00",-1.50496326486901,-1.40340094857334
"202",524422,"2009-12-31 04:21:00",-1.36268233391926,-0.72455104930335
"203",524423,"2009-12-31 04:22:00",-0.7716666,-1.33656575770393
"204",524424,"2009-12-31 04:23:00",-0.425400282392588,-1.48354708922991
"205",524425,"2009-12-31 04:24:00",-1.64341426313989,-1.23840147398577
"206",524426,"2009-12-31 04:25:00",-2.20482458854659,-1.32479226712129
"207",524427,"2009-12-31 04:26:00",-2.58869626274606,-1.68111900950931
"208",524428,"2009-12-31 04:27:00",-2.20482458854659,-1.32479226712129
"209",524429,"2009-12-31 04:28:00",-2.02693859666379,-1.58361799138512
"210",524430,"2009-12-31 04:29:00",-1.81690977855902,-0.9660680657378
"211",524431,"2009-12-31 04:30:00",-2.01281022228377,-0.427836020142911
"212",524432,"2009-12-31 04:31:00",-1.48024132792535,-1.42945243438303
"213",524433,"2009-12-31 04:32:00",-2.10510142286002,-2.25744489730352
"214",524434,"2009-12-31 04:33:00",-2.59042232386936,-2.5015417601703
"215",524435,"2009-12-31 04:34:00",-2.06538295985951,-2.29384016313494
"216",524436,"2009-12-31 04:35:00",-0.902453917278393,-2.9517937583913
"217",524437,"2009-12-31 04:36:00",-0.794860311305116,-2.44632849445775
"218",524438,"2009-12-31 04:37:00",-1.72115246654959,-1.91153346927911
"219",524439,"2009-12-31 04:38:00",-2.08097131130512,-1.51191415722225
"220",524440,"2009-12-31 04:39:00",-2.72536466783853,-1.4491020986067
"221",524441,"2009-12-31 04:40:00",-2.87597496049482,-2.16720257947509
"222",524442,"2009-12-31 04:41:00",-3.05845355084658,-2.75384394647935
"223",524443,"2009-12-31 04:42:00",-2.5015417601703,-2.59042232386936
"224",524444,"2009-12-31 04:43:00",-2.5015417601703,-2.59042232386936
"225",524445,"2009-12-31 04:44:00",-3.05391515798834,-1.90829798555825
"226",524446,"2009-12-31 04:45:00",-2.58869626274606,-1.68111900950931
"227",524447,"2009-12-31 04:46:00",-2.58869626274606,-1.68111900950931
"228",524448,"2009-12-31 04:47:00",-1.7260419462616,-2.55896241954321
"229",524449,"2009-12-31 04:48:00",-1.10616230869837,-2.88165133416658
"230",524450,"2009-12-31 04:49:00",-2.64542788954101,-3.15269819130941
"231",524451,"2009-12-31 04:50:00",-3.21626797736181,-3.33054298783204
"232",524452,"2009-12-31 04:51:00",-4.16194262261023,-3.0238283144445
"233",524453,"2009-12-31 04:52:00",-4.36273593998335,-2.72613997936893
"234",524454,"2009-12-31 04:53:00",-3.69768209206476,-2.78640331646797
"235",524455,"2009-12-31 04:54:00",-2.87597496049482,-2.16720257947509
"236",524456,"2009-12-31 04:55:00",-2.52844909159814,-1.77043911391651
"237",524457,"2009-12-31 04:56:00",-2.25744489730352,-2.10510142286002
"238",524458,"2009-12-31 04:57:00",-2.18260274270067,-2.18260274270067
"239",524459,"2009-12-31 04:58:00",-1.97043636956838,-1.65339243096313
"240",524460,"2009-12-31 04:59:00",-1.12758790793609,-2.31189781935974
"241",524461,"2009-12-31 05:00:00",-1.11280443582716,-3.42485989224085
"242",524462,"2009-12-31 05:01:00",-1.75425118571668,-1.88120408108627
"243",524463,"2009-12-31 05:02:00",-1.55302446868782,-1.35002357413442
"244",524464,"2009-12-31 05:03:00",-1.74509437599334,-1.09045599174757
"245",524465,"2009-12-31 05:04:00",-1.94566694525218,-0.669946855515278
"246",524466,"2009-12-31 05:05:00",-2.24971605233751,-1.24703797100927
"247",524467,"2009-12-31 05:06:00",-2.29186658366085,-1.16776435122106
"248",524468,"2009-12-31 05:07:00",-1.24858278678307,-0.90714849433335
"249",524469,"2009-12-31 05:08:00",-1.35002357413442,-1.55302446868782
"250",524470,"2009-12-31 05:09:00",-1.88120408108627,-1.75425118571668
"251",524471,"2009-12-31 05:10:00",-2.29384016313494,-2.06538295985951
"252",524472,"2009-12-31 05:11:00",-2.98545615613374,-2.01371560397186
"253",524473,"2009-12-31 05:12:00",-2.85890486876605,-2.9604826558507
"254",524474,"2009-12-31 05:13:00",-2.02503536120163,-2.32953670303173
"255",524475,"2009-12-31 05:14:00",-2.86190725051379,-1.15628558511536
"256",524476,"2009-12-31 05:15:00",-4.05303066890971,-0.714658660567659
"257",524477,"2009-12-31 05:16:00",-3.54640183529599,-0.625326327996702
"258",524478,"2009-12-31 05:17:00",-2.52496303706212,-0.490803095705447
"259",524479,"2009-12-31 05:18:00",-2.03244294305785,-0.32190733802777
"260",524480,"2009-12-31 05:19:00",-1.24858278678307,-0.90714849433335
"261",524481,"2009-12-31 05:20:00",-0.652240794270711,-1.39873489715219
"262",524482,"2009-12-31 05:21:00",-1.18029274261101,-1.6856327277321
"263",524483,"2009-12-31 05:22:00",-1.83349326692868,-0.934211480976845
"264",524484,"2009-12-31 05:23:00",-2.05495748731638,-0.10769575843131
"265",524485,"2009-12-31 05:24:00",-2.01997042964969,-0.392642476564358
"266",524486,"2009-12-31 05:25:00",-2.29186658366085,-1.16776435122106
"267",524487,"2009-12-31 05:26:00",-2.75023990039302,-1.40131722146527
"268",524488,"2009-12-31 05:27:00",-2.33122482858699,-1.08706799045119
"269",524489,"2009-12-31 05:28:00",-2.15724688562171,-1.40093250792442
"270",524490,"2009-12-31 05:29:00",-2.46512139470984,-1.85760221097865
"271",524491,"2009-12-31 05:30:00",-2.39879032712493,-1.9425021058884
"272",524492,"2009-12-31 05:31:00",-2.05426782892487,-1.54800184248221
"273",524493,"2009-12-31 05:32:00",-2.34984172414837,-1.04621694152572
"274",524494,"2009-12-31 05:33:00",-2.15724688562171,-1.40093250792442
"275",524495,"2009-12-31 05:34:00",-1.50496326486901,-1.40340094857334
"276",524496,"2009-12-31 05:35:00",-1.2950014039256,-1.59919355141662
"277",524497,"2009-12-31 05:36:00",-0.676552744761657,-1.38713869161584
"278",524498,"2009-12-31 05:37:00",-0.578142792557679,-1.43095362525689
"279",524499,"2009-12-31 05:38:00",-1.07208932578727,-1.11018099594401
"280",524500,"2009-12-31 05:39:00",-1.53746035122897,-0.134510351353121
"281",524501,"2009-12-31 05:40:00",-1.53957371789246,0.107657481844236
"282",524502,"2009-12-31 05:41:00",-1.53487865924878,-0.161322247705951
"283",524503,"2009-12-31 05:42:00",-0.560373003169769,-0.862898754248686
"284",524504,"2009-12-31 05:43:00",-0.184360384783062,-0.480275222361097
"285",524505,"2009-12-31 05:44:00",-0.891043838469287,-0.5144444
"286",524506,"2009-12-31 05:45:00",-1.34982963140251,-0.748222782605565
"287",524507,"2009-12-31 05:46:00",-0.575347315420532,-0.85298747318107
"288",524508,"2009-12-31 05:47:00",-0.0717716545628246,-1.02638247859497
"289",524509,"2009-12-31 05:48:00",-0.467105740488423,-0.916746633464341
"290",524510,"2009-12-31 05:49:00",-1.26689439310809,-1.62155087733103
"291",524511,"2009-12-31 05:50:00",-1.51191415722225,-2.08097131130512
"292",524512,"2009-12-31 05:51:00",-2.06538295985951,-2.29384016313494
"293",524513,"2009-12-31 05:52:00",-2.06538295985951,-2.29384016313494
"294",524514,"2009-12-31 05:53:00",-2.87597496049482,-2.16720257947509
"295",524515,"2009-12-31 05:54:00",-2.22036199188802,-2.14417865157454
"296",524516,"2009-12-31 05:55:00",-1.61875175490699,-1.99899193927077
"297",524517,"2009-12-31 05:56:00",-1.3227139447705,-1.57634909565471
"298",524518,"2009-12-31 05:57:00",1.11022302462516e-16,-1.5433332
"299",524519,"2009-12-31 05:58:00",0.633447196554046,-0.810775438665516
"300",524520,"2009-12-31 05:59:00",-0.317944124522046,-0.978531397783101
"301",524521,"2009-12-31 06:00:00",-0.960550444722194,-0.368720769566125
"302",524522,"2009-12-31 06:01:00",-1.01622147152892,-0.160953669013885
"303",524523,"2009-12-31 06:02:00",-1.2794812097716,-0.863020973130799
"304",524524,"2009-12-31 06:03:00",-1.36268233391926,-0.72455104930335
"305",524525,"2009-12-31 06:04:00",-1.18226182174103,-0.992035458577878
"306",524526,"2009-12-31 06:05:00",-1.2794812097716,-0.863020973130799
"307",524527,"2009-12-31 06:06:00",-1.51988650084114,-0.267996997712872
"308",524528,"2009-12-31 06:07:00",-2.05426782892487,-1.54800184248221
"309",524529,"2009-12-31 06:08:00",-2.40961345316943,-2.67614685699076
"310",524530,"2009-12-31 06:09:00",-2.18260274270067,-2.18260274270067
"311",524531,"2009-12-31 06:10:00",-1.75425118571668,-1.88120408108627
"312",524532,"2009-12-31 06:11:00",-2.46512139470984,-1.85760221097865
"313",524533,"2009-12-31 06:12:00",-3.14960247327252,-1.74585315941298
"314",524534,"2009-12-31 06:13:00",-1.99899193927077,-1.618751754907
"315",524535,"2009-12-31 06:14:00",-0.502460141636458,-1.45925020893914
"316",524536,"2009-12-31 06:15:00",-0.1075481651373,-1.02325243949919
"317",524537,"2009-12-31 06:16:00",-0.267996997712872,-1.51988650084114
"318",524538,"2009-12-31 06:17:00",-1.74509437599334,-1.09045599174757
"319",524539,"2009-12-31 06:18:00",-2.27113722319877,-1.20758508217225
"320",524540,"2009-12-31 06:19:00",-1.98407091715576,-2.36452364348206
"321",524541,"2009-12-31 06:20:00",-2.63368571352077,-2.45595166000335
"322",524542,"2009-12-31 06:21:00",-2.64578950625591,-1.58975072054555
"323",524543,"2009-12-31 06:22:00",-2.10704090966512,-1.47536592826376
"324",524544,"2009-12-31 06:23:00",-1.85030165990669,-1.78681554297878
"325",524545,"2009-12-31 06:24:00",-1.40340094857334,-1.50496326486901
"326",524546,"2009-12-31 06:25:00",-1.21616315799827,-0.95017079483107
"327",524547,"2009-12-31 06:26:00",-0.932489931434794,-0.434827196180474
"328",524548,"2009-12-31 06:27:00",-0.932489931434794,-0.434827196180474
"329",524549,"2009-12-31 06:28:00",-1.43095362525689,-0.578142792557679
"330",524550,"2009-12-31 06:29:00",-0.862898754248686,-0.560373003169769
"331",524551,"2009-12-31 06:30:00",-0.661356972385252,-0.788174547827354
"332",524552,"2009-12-31 06:31:00",-1.59919355141662,-1.2950014039256
"333",524553,"2009-12-31 06:32:00",-2.55896241954321,-1.7260419462616
"334",524554,"2009-12-31 06:33:00",-2.27113722319877,-1.20758508217225
"335",524555,"2009-12-31 06:34:00",-1.9678625055942,-0.601635944852263
"336",524556,"2009-12-31 06:35:00",-1.93367842593854,-0.703801389684351
"337",524557,"2009-12-31 06:36:00",-1.98766052859914,-0.532592033465357
"338",524558,"2009-12-31 06:37:00",-1.44082566708329,0.553081154349187
"339",524559,"2009-12-31 06:38:00",-0.97283347262609,0.334973427757639
"340",524560,"2009-12-31 06:39:00",0.249407594201855,0.449943210467502
"341",524561,"2009-12-31 06:40:00",0.514366047626113,-0.00897829275818446
"342",524562,"2009-12-31 06:41:00",0.421408181933024,-0.295073185652752
"343",524563,"2009-12-31 06:42:00",0.0358858272814123,-0.513191239297485
"344",524564,"2009-12-31 06:43:00",0.451035163174438,0.924759127743894
"345",524565,"2009-12-31 06:44:00",1.03269147992976,1.14692008156747
"346",524566,"2009-12-31 06:45:00",0.4830340328689,0.90845488927951
"347",524567,"2009-12-31 06:46:00",0.167486713878819,0.486416736313045
"348",524568,"2009-12-31 06:47:00",1.11022302462516e-16,0
"349",524569,"2009-12-31 06:48:00",0.330678486192626,0.394087273913677
"350",524570,"2009-12-31 06:49:00",0.675011787067208,0.776512234343912
"351",524571,"2009-12-31 06:50:00",0.24151701643445,0.454227444639755
"352",524572,"2009-12-31 06:51:00",0.30238283144445,0.416194262261023
"353",524573,"2009-12-31 06:52:00",0.978531397783101,-0.317944124522046
"354",524574,"2009-12-31 06:53:00",0.529916906848516,-0.881929835418636
"355",524575,"2009-12-31 06:54:00",0.498815188403709,-0.899886420935004
"356",524576,"2009-12-31 06:55:00",0.231449620362594,-1.0025184467128
"357",524577,"2009-12-31 06:56:00",0.196321238282179,-1.00998521482485
"358",524578,"2009-12-31 06:57:00",0.283600188261725,-0.989031392819942
"359",524579,"2009-12-31 06:58:00",0.368720769566125,-0.960550444722194
"360",524580,"2009-12-31 06:59:00",0.133148008366339,-0.496915132149784
"361",524581,"2009-12-31 07:00:00",0.0626950012464551,-0.510609809453429
"362",524582,"2009-12-31 07:01:00",0.0896735675687467,-1.02497356748598
"363",524583,"2009-12-31 07:02:00",0.0269348782745532,-1.54309814287834
"364",524584,"2009-12-31 07:03:00",-0.0896735675687468,-1.02497356748598
"365",524585,"2009-12-31 07:04:00",-0.373366093285901,-1.49748960817986
"366",524586,"2009-12-31 07:05:00",-1.0288888,-1.78208767693857
"367",524587,"2009-12-31 07:06:00",-1.07208932578727,-1.11018099594401
"368",524588,"2009-12-31 07:07:00",-0.842816363866047,-0.590146371305505
"369",524589,"2009-12-31 07:08:00",-1.26422454579907,-0.885219556958257
"370",524590,"2009-12-31 07:09:00",-1.70597494636214,-1.15069463084107
"371",524591,"2009-12-31 07:10:00",-2.38492270876149,-0.963571320929465
"372",524592,"2009-12-31 07:11:00",-1.92110088944439,-0.737441539132249
"373",524593,"2009-12-31 07:12:00",-1.70597494636214,-1.15069463084107
"374",524594,"2009-12-31 07:13:00",-2.25744489730352,-2.10510142286002
"375",524595,"2009-12-31 07:14:00",-2.14417865157454,-2.22036199188802
"376",524596,"2009-12-31 07:15:00",-2.14417865157454,-2.22036199188802
"377",524597,"2009-12-31 07:16:00",-1.72115246654959,-1.91153346927911
"378",524598,"2009-12-31 07:17:00",-1.35002357413442,-1.55302446868782
"379",524599,"2009-12-31 07:18:00",-2.10704090966512,-1.47536592826376
"380",524600,"2009-12-31 07:19:00",-1.86497986286959,-0.869654392360948
"381",524601,"2009-12-31 07:20:00",-2.20482458854659,-1.32479226712129
"382",524602,"2009-12-31 07:21:00",-2.43232631599655,-1.90034158966214
"383",524603,"2009-12-31 07:22:00",-2.55896241954321,-1.7260419462616
"384",524604,"2009-12-31 07:23:00",-2.55896241954321,-1.7260419462616
"385",524605,"2009-12-31 07:24:00",-2.63368571352077,-2.45595166000335
"386",524606,"2009-12-31 07:25:00",-2.59042232386936,-2.5015417601703
"387",524607,"2009-12-31 07:26:00",-2.06551229956926,-2.94985727353117
"388",524608,"2009-12-31 07:27:00",-2.26625245686979,-2.79858871497908
"389",524609,"2009-12-31 07:28:00",-2.36452364348206,-1.98407091715576
"390",524610,"2009-12-31 07:29:00",-1.68752946766802,-1.94128058585978
"391",524611,"2009-12-31 07:30:00",-1.2095313257778,-1.66477704904409
"392",524612,"2009-12-31 07:31:00",-0.701700474286672,-0.752481632434506
"393",524613,"2009-12-31 07:32:00",-0.217413598090237,-0.466244965717397
"394",524614,"2009-12-31 07:33:00",-0.724551049303349,-1.36268233391927
"395",524615,"2009-12-31 07:34:00",-1.32289475312795,-0.794875360272774
"396",524616,"2009-12-31 07:35:00",-0.545227995873785,-0.87254718799667
"397",524617,"2009-12-31 07:36:00",0.178664665141915,-1.01325766722743
"398",524618,"2009-12-31 07:37:00",0.47691618678307,-1.46779709667465
"399",524619,"2009-12-31 07:38:00",0.0538615519242603,-1.54239304311403
"400",524620,"2009-12-31 07:39:00",-0.902070326348876,-1.84951825548779
"401",524621,"2009-12-31 07:40:00",-0.966068065737799,-1.81690977855902
"402",524622,"2009-12-31 07:41:00",-1.26689439310809,-1.62155087733103
"403",524623,"2009-12-31 07:42:00",-1.64341426313989,-1.23840147398577
"404",524624,"2009-12-31 07:43:00",-1.35002357413442,-1.55302446868782
"405",524625,"2009-12-31 07:44:00",-0.601635944852262,-1.9678625055942
"406",524626,"2009-12-31 07:45:00",0.399444025099018,-1.49074539644935
"407",524627,"2009-12-31 07:46:00",0.143543309125649,-2.05276495718994
"408",524628,"2009-12-31 07:47:00",0.665740041831696,-2.48457566074892
"409",524629,"2009-12-31 07:48:00",0.25078000498582,-2.04243923781372
"410",524630,"2009-12-31 07:49:00",-1.12758790793609,-2.31189781935974
"411",524631,"2009-12-31 07:50:00",-2.14417865157454,-2.22036199188802
"412",524632,"2009-12-31 07:51:00",-1.43836828855133,-2.13246868295267
"413",524633,"2009-12-31 07:52:00",-1.85030165990669,-1.78681554297878
"414",524634,"2009-12-31 07:53:00",-1.3227139447705,-1.57634909565471
"415",524635,"2009-12-31 07:54:00",-0.213918010071455,-1.00640511114188
"416",524636,"2009-12-31 07:55:00",1.11022302462516e-16,-1.0288888
"417",524637,"2009-12-31 07:56:00",-0.1075481651373,-1.02325243949919
"418",524638,"2009-12-31 07:57:00",-0.320877015107183,-1.50960766671283
"419",524639,"2009-12-31 07:58:00",0.286387289678162,-2.03775144985166
"420",524640,"2009-12-31 07:59:00",0.35732933028383,-2.02651533445485
"421",524641,"2009-12-31 08:00:00",0.188085003739365,-1.53182942836029
"422",524642,"2009-12-31 08:01:00",0.267996997712872,-1.51988650084114
"423",524643,"2009-12-31 08:02:00",0.535993995425745,-3.03977300168228
"424",524644,"2009-12-31 08:03:00",1.52189518663166,-3.26371476002178
"425",524645,"2009-12-31 08:04:00",1.40131722146527,-2.75023990039302
"426",524646,"2009-12-31 08:05:00",0.313857486490614,-3.58740748620092
"427",524647,"2009-12-31 08:06:00",-0.534795025178638,-2.51601277785471
"428",524648,"2009-12-31 08:07:00",-0.357329330283829,-2.02651533445485
"429",524649,"2009-12-31 08:08:00",-0.313475006232275,-2.55304904726714
"430",524650,"2009-12-31 08:09:00",-0.357984112097701,-2.54718931231458
"431",524651,"2009-12-31 08:10:00",-0.963571320929464,-2.38492270876149
"432",524652,"2009-12-31 08:11:00",-0.997630376807419,-1.79977284187001
"433",524653,"2009-12-31 08:12:00",-0.532592033465357,-1.98766052859914
"434",524654,"2009-12-31 08:13:00",-0.107657481844237,-1.53957371789246
"435",524655,"2009-12-31 08:14:00",0.334973427757639,-0.97283347262609
"436",524656,"2009-12-31 08:15:00",0.7716666,-1.33656575770393
"437",524657,"2009-12-31 08:16:00",0.373366093285901,-1.49748960817986
"438",524658,"2009-12-31 08:17:00",0.107657481844237,-1.53957371789246
"439",524659,"2009-12-31 08:18:00",0.143193644839081,-1.01887572492583
"440",524660,"2009-12-31 08:19:00",0.334973427757639,-0.97283347262609
"441",524661,"2009-12-31 08:20:00",0.347174430543891,-1.5037776700692
"442",524662,"2009-12-31 08:21:00",0.32190733802777,-2.03244294305785
"443",524663,"2009-12-31 08:22:00",0.669946855515278,-1.94566694525218
"444",524664,"2009-12-31 08:23:00",0.934211480976845,-1.83349326692868
"445",524665,"2009-12-31 08:24:00",0.9660680657378,-1.81690977855902
"446",524666,"2009-12-31 08:25:00",1.16776435122106,-2.29186658366085
"447",524667,"2009-12-31 08:26:00",0.9660680657378,-1.81690977855902
"448",524668,"2009-12-31 08:27:00",0.578624050906485,-2.50629611678201
"449",524669,"2009-12-31 08:28:00",0.107723103848521,-3.08478608622806
"450",524670,"2009-12-31 08:29:00",-0.215314963688474,-3.07914743578491
"451",524671,"2009-12-31 08:30:00",2.22044604925031e-16,-3.0866664
"452",524672,"2009-12-31 08:31:00",0.641754030214367,-3.01921533342565
"453",524673,"2009-12-31 08:32:00",0.402384172534713,-2.54055367882231
"454",524674,"2009-12-31 08:33:00",-0.13451035135312,-1.53746035122897
"455",524675,"2009-12-31 08:34:00",0.231449620362594,-1.0025184467128
"456",524676,"2009-12-31 08:35:00",0.373366093285901,-1.49748960817986
"457",524677,"2009-12-31 08:36:00",-0.373366093285901,-1.49748960817986
"458",524678,"2009-12-31 08:37:00",0.924759127743894,-0.451035163174438
"459",524679,"2009-12-31 08:38:00",1.02638247859497,-0.0717716545628246
"460",524680,"2009-12-31 08:39:00",0.817841993810678,-1.308820781995
"461",524681,"2009-12-31 08:40:00",0.90714849433335,-1.24858278678307
"462",524682,"2009-12-31 08:41:00",0.451226958639196,-1.47589687919565
"463",524683,"2009-12-31 08:42:00",-0.451035163174438,-0.924759127743894
"464",524684,"2009-12-31 08:43:00",-0.467105740488423,-0.916746633464341
"465",524685,"2009-12-31 08:44:00",0.160953669013885,-1.01622147152892
"466",524686,"2009-12-31 08:45:00",-0.0538615519242599,-1.54239304311403
"467",524687,"2009-12-31 08:46:00",-0.7716666,-1.33656575770393
"468",524688,"2009-12-31 08:47:00",0.90845488927951,-0.4830340328689
"469",524689,"2009-12-31 08:48:00",0.385428528371786,-0.953969083504596
"470",524690,"2009-12-31 08:49:00",-0.675011787067209,-0.776512234343911
"471",524691,"2009-12-31 08:50:00",-0.115724810181297,-0.501259223356401
"472",524692,"2009-12-31 08:51:00",0.124455364428634,-0.499163202726619
"473",524693,"2009-12-31 08:52:00",0.368720769566125,-0.960550444722194
"474",524694,"2009-12-31 08:53:00",0.178664665141915,-1.01325766722743
"475",524695,"2009-12-31 08:54:00",0.0089782927581844,-0.514366047626113
"476",524696,"2009-12-31 08:55:00",-0.05377408256865,-0.511626219749594
"477",524697,"2009-12-31 08:56:00",-0.295073185652752,-0.421408181933024
"478",524698,"2009-12-31 08:57:00",-0.466244965717397,-0.217413598090237
"479",524699,"2009-12-31 08:58:00",-0.473548567031429,-0.201009440956988
"480",524700,"2009-12-31 08:59:00",-0.87254718799667,-0.545227995873785
"481",524701,"2009-12-31 09:00:00",-0.821707131569947,-0.619200736992883
"482",524702,"2009-12-31 09:01:00",-0.881929835418635,-0.529916906848516
"483",524703,"2009-12-31 09:02:00",-0.899886420935004,-0.49881518840371
"484",524704,"2009-12-31 09:03:00",-1.18226182174103,-0.992035458577878
"485",524705,"2009-12-31 09:04:00",-0.12539000249291,-1.02121961890686
"486",524706,"2009-12-31 09:05:00",0.399798387854155,-0.323750350981399
"487",524707,"2009-12-31 09:06:00",1.11022302462516e-16,0
"488",524708,"2009-12-31 09:07:00",1.11022302462516e-16,0
"489",524709,"2009-12-31 09:08:00",-0.454227444639755,0.24151701643445
"490",524710,"2009-12-31 09:09:00",-0.394087273913677,-0.330678486192626
"491",524711,"2009-12-31 09:10:00",-0.150408986213065,-0.49196562639855
"492",524712,"2009-12-31 09:11:00",-0.467105740488423,-0.916746633464341
"493",524713,"2009-12-31 09:12:00",-0.590146371305504,-0.842816363866048
"494",524714,"2009-12-31 09:13:00",-1.09130137135033,-1.09130137135033
"495",524715,"2009-12-31 09:14:00",-0.764613387711645,-0.688460986619838
"496",524716,"2009-12-31 09:15:00",-0.862898754248686,-0.560373003169769
"497",524717,"2009-12-31 09:16:00",-0.225517581587219,-0.462379563871947
"498",524718,"2009-12-31 09:17:00",0.0538615519242603,-1.54239304311403
"499",524719,"2009-12-31 09:18:00",0.669946855515278,-1.94566694525218
"500",524720,"2009-12-31 09:19:00",1.59919355141662,-1.2950014039256
"501",524721,"2009-12-31 09:20:00",1.24858278678307,-0.90714849433335
"502",524722,"2009-12-31 09:21:00",0.6047656628889,-0.832388524522047
"503",524723,"2009-12-31 09:22:00",0.266296016732678,-0.993830264299568
"504",524724,"2009-12-31 09:23:00",-0.317944124522046,-0.978531397783101
"505",524725,"2009-12-31 09:24:00",-0.90845488927951,-0.4830340328689
"506",524726,"2009-12-31 09:25:00",-0.504992607412423,-0.0981606191410894
"507",524727,"2009-12-31 09:26:00",-0.510609809453429,-0.0626950012464551
"508",524728,"2009-12-31 09:27:00",-0.436273593998335,-0.272613997936893
"509",524729,"2009-12-31 09:28:00",1.11022302462516e-16,0
"510",524730,"2009-12-31 09:29:00",1.11022302462516e-16,0
"511",524731,"2009-12-31 09:30:00",-0.483419606484634,-0.175950347421088
"512",524732,"2009-12-31 09:31:00",-0.363767123783445,-0.363767123783445
"513",524733,"2009-12-31 09:32:00",-0.0089782927581844,-0.514366047626113
"514",524734,"2009-12-31 09:33:00",0.0359077012828403,-1.02826202874269
"515",524735,"2009-12-31 09:34:00",-0.992035458577878,-1.18226182174103
"516",524736,"2009-12-31 09:35:00",-0.688460986619838,-0.764613387711646
"517",524737,"2009-12-31 09:36:00",-0.385428528371786,-0.953969083504596
"518",524738,"2009-12-31 09:37:00",0.0896735675687467,-1.02497356748598
"519",524739,"2009-12-31 09:38:00",0.213918010071456,-1.00640511114188
"520",524740,"2009-12-31 09:39:00",-0.1075481651373,-1.02325243949919
"521",524741,"2009-12-31 09:40:00",-0.178664665141915,-1.01325766722743
"522",524742,"2009-12-31 09:41:00",0.451226958639196,-1.47589687919565
"523",524743,"2009-12-31 09:42:00",0.283600188261725,-0.989031392819942
"524",524744,"2009-12-31 09:43:00",0.0538478792156551,-1.02747874365819
"525",524745,"2009-12-31 09:44:00",0.399444025099018,-1.49074539644935
"526",524746,"2009-12-31 09:45:00",1.11022302462516e-16,-1.5433332
"527",524747,"2009-12-31 09:46:00",0.0179565855163689,-1.02873209525223
"528",524748,"2009-12-31 09:47:00",-0.266296016732679,-0.993830264299568
"529",524749,"2009-12-31 09:48:00",-0.476916186783069,-1.46779709667465
"530",524750,"2009-12-31 09:49:00",0.13451035135312,-1.53746035122897
"531",524751,"2009-12-31 09:50:00",0.0896735675687467,-1.02497356748598
"532",524752,"2009-12-31 09:51:00",-0.316723598277023,-0.405387719332758
"533",524753,"2009-12-31 09:52:00",1.11022302462516e-16,0
"534",524754,"2009-12-31 09:53:00",1.11022302462516e-16,0
"535",524755,"2009-12-31 09:54:00",1.11022302462516e-16,0
"536",524756,"2009-12-31 09:55:00",1.11022302462516e-16,0
"537",524757,"2009-12-31 09:56:00",1.11022302462516e-16,0
"538",524758,"2009-12-31 09:57:00",-0.158972062261023,0.489265698891551
"539",524759,"2009-12-31 09:58:00",-0.399798387854155,0.323750350981399
"540",524760,"2009-12-31 09:59:00",-0.476984541752298,0.192714264185893
"541",524761,"2009-12-31 10:00:00",-1.00640511114188,0.213918010071455
"542",524762,"2009-12-31 10:01:00",-1.02497356748598,0.0896735675687465
"543",524763,"2009-12-31 10:02:00",-1.54309814287834,-0.0269348782745533
"544",524764,"2009-12-31 10:03:00",-1.54309814287834,-0.0269348782745533
"545",524765,"2009-12-31 10:04:00",-1.52433220729338,0.241430503520827
"546",524766,"2009-12-31 10:05:00",-2.04243923781372,0.250780004985821
"547",524767,"2009-12-31 10:06:00",-2.0577776,-2.77555756156289e-16
"548",524768,"2009-12-31 10:07:00",-1.54121811548729,0.0807718188234821
"549",524769,"2009-12-31 10:08:00",-1.02497356748598,-0.0896735675687472
"550",524770,"2009-12-31 10:09:00",-1.42064570109429,-0.603028322870963
"551",524771,"2009-12-31 10:10:00",-1.50496326486901,-1.40340094857334
"552",524772,"2009-12-31 10:11:00",-1.40990503448902,-0.627730164915433
"553",524773,"2009-12-31 10:12:00",-1.48354708922991,-0.425400282392589
"554",524774,"2009-12-31 10:13:00",-1.26422454579907,-0.885219556958257
"555",524775,"2009-12-31 10:14:00",-1.33656575770393,-0.7716666
"556",524776,"2009-12-31 10:15:00",-1.36268233391926,-0.72455104930335
"557",524777,"2009-12-31 10:16:00",-1.83349326692868,-0.934211480976845
"558",524778,"2009-12-31 10:17:00",-1.9678625055942,-0.601635944852263
"559",524779,"2009-12-31 10:18:00",-2.02651533445485,-0.357329330283829
"560",524780,"2009-12-31 10:19:00",-2.03244294305785,-0.32190733802777
"561",524781,"2009-12-31 10:20:00",-3.00755534013841,-0.694348861087782
"562",524782,"2009-12-31 10:21:00",-3.47840592504849,-0.932036058564376
"563",524783,"2009-12-31 10:22:00",-2.90051763890781,-1.05570208452653
"564",524784,"2009-12-31 10:23:00",-1.86497986286959,-0.869654392360948
"565",524785,"2009-12-31 10:24:00",-1.44082566708329,-0.553081154349187
"566",524786,"2009-12-31 10:25:00",-1.94566694525218,-0.669946855515278
"567",524787,"2009-12-31 10:26:00",-2.41709803242317,-0.879751737105439
"568",524788,"2009-12-31 10:27:00",-2.90051763890781,-1.05570208452653
"569",524789,"2009-12-31 10:28:00",-2.48457566074892,-0.665740041831697
"570",524790,"2009-12-31 10:29:00",-2.02651533445485,-0.357329330283829
"571",524791,"2009-12-31 10:30:00",-2.01997042964969,-0.392642476564358
"572",524792,"2009-12-31 10:31:00",-1.9678625055942,-0.601635944852263
"573",524793,"2009-12-31 10:32:00",-1.93367842593854,-0.703801389684351
"574",524794,"2009-12-31 10:33:00",-1.93367842593854,-0.703801389684351
"575",524795,"2009-12-31 10:34:00",-1.89419426812571,-0.80403776382795
"576",524796,"2009-12-31 10:35:00",-1.97806278563988,-0.567200376523452
"577",524797,"2009-12-31 10:36:00",-2.00503689342561,-0.462899240725188
"578",524798,"2009-12-31 10:37:00",-1.98766052859914,-0.532592033465357
"579",524799,"2009-12-31 10:38:00",-2.01281022228377,-0.427836020142911
"580",524800,"2009-12-31 10:39:00",-2.02651533445485,-0.357329330283829
"581",524801,"2009-12-31 10:40:00",-2.01281022228377,-0.427836020142911
"582",524802,"2009-12-31 10:41:00",-1.97806278563988,-0.567200376523452
"583",524803,"2009-12-31 10:42:00",-2.31189781935974,-1.12758790793609
"584",524804,"2009-12-31 10:43:00",-1.83349326692868,-0.934211480976845
"585",524805,"2009-12-31 10:44:00",-2.00503689342561,-0.462899240725188
"586",524806,"2009-12-31 10:45:00",-2.55304904726714,-0.313475006232275
"587",524807,"2009-12-31 10:46:00",-2.4958160136331,-0.622276822143168
"588",524808,"2009-12-31 10:47:00",-1.46779709667465,-0.47691618678307
"589",524809,"2009-12-31 10:48:00",-1.93367842593854,-0.703801389684351
"590",524810,"2009-12-31 10:49:00",-1.93367842593854,-0.703801389684351
"591",524811,"2009-12-31 10:50:00",-1.94566694525218,-0.669946855515278
"592",524812,"2009-12-31 10:51:00",-2.38492270876149,-0.963571320929465
"593",524813,"2009-12-31 10:52:00",-2.81981006897804,-1.25546032983087
"594",524814,"2009-12-31 10:53:00",-2.79746979430438,-1.30448158854142
"595",524815,"2009-12-31 10:54:00",-2.81981006897804,-1.25546032983087
"596",524816,"2009-12-31 10:55:00",-2.79746979430438,-1.30448158854142
"597",524817,"2009-12-31 10:56:00",-3.14960247327252,-1.74585315941298
"598",524818,"2009-12-31 10:57:00",-2.67313151540786,-1.5433332
"599",524819,"2009-12-31 10:58:00",-2.00503689342561,-0.462899240725188
"600",524820,"2009-12-31 10:59:00",-1.53182942836029,-0.188085003739365
"601",524821,"2009-12-31 11:00:00",-1.93367842593854,-0.703801389684351
"602",524822,"2009-12-31 11:01:00",-1.89419426812571,-0.80403776382795
"603",524823,"2009-12-31 11:02:00",-1.87987337931869,-0.836973553220577
"604",524824,"2009-12-31 11:03:00",-2.02693859666379,-1.58361799138512
"605",524825,"2009-12-31 11:04:00",-0.921801923915311,-2.40137611180549
"606",524826,"2009-12-31 11:05:00",-0.0448914637909222,-2.57183023813056
"607",524827,"2009-12-31 11:06:00",-0.25078000498582,-2.04243923781372
"608",524828,"2009-12-31 11:07:00",-0.357984112097701,-2.54718931231458
"609",524829,"2009-12-31 11:08:00",-0.224183918921867,-2.56243391871495
"610",524830,"2009-12-31 11:09:00",-0.188085003739365,-1.53182942836029
"611",524831,"2009-12-31 11:10:00",-0.160953669013885,-1.01622147152892
"612",524832,"2009-12-31 11:11:00",-0.178664665141915,-1.01325766722743
"613",524833,"2009-12-31 11:12:00",-0.16132224770595,-1.53487865924878
"614",524834,"2009-12-31 11:13:00",-0.42783602014291,-2.01281022228377
"615",524835,"2009-12-31 11:14:00",-0.601635944852262,-1.9678625055942
"616",524836,"2009-12-31 11:15:00",-0.294481857423268,-1.51497782223727
"617",524837,"2009-12-31 11:16:00",-0.196321238282179,-1.00998521482485
"618",524838,"2009-12-31 11:17:00",-0.12539000249291,-1.02121961890686
"619",524839,"2009-12-31 11:18:00",1.11022302462516e-16,-1.5433332
"620",524840,"2009-12-31 11:19:00",-0.0538478792156548,-1.02747874365819
"621",524841,"2009-12-31 11:20:00",-0.0538615519242599,-1.54239304311403
"622",524842,"2009-12-31 11:21:00",0.0718154025656808,-2.05652405748537
"623",524843,"2009-12-31 11:22:00",0.0359131710327375,-2.05746419050445
"624",524844,"2009-12-31 11:23:00",1.11022302462516e-16,-1.5433332
"625",524845,"2009-12-31 11:24:00",0.0359131710327375,-2.05746419050445
"626",524846,"2009-12-31 11:25:00",0.0359131710327375,-2.05746419050445
"627",524847,"2009-12-31 11:26:00",0.0359131710327375,-2.05746419050445
"628",524848,"2009-12-31 11:27:00",0.0897692532071007,-2.57065507185671
"629",524849,"2009-12-31 11:28:00",0.26887041284325,-2.55813109874797
"630",524850,"2009-12-31 11:29:00",-0.161543637646964,-3.08243623097458
"631",524851,"2009-12-31 11:30:00",-1.85030165990669,-1.78681554297878
"632",524852,"2009-12-31 11:31:00",-1.90793816700919,-0.770857056743572
"633",524853,"2009-12-31 11:32:00",-1.86497986286959,-0.869654392360948
"634",524854,"2009-12-31 11:33:00",-1.9678625055942,-0.601635944852263
"635",524855,"2009-12-31 11:34:00",-2.47257848204985,-0.709000470654314
"636",524856,"2009-12-31 11:35:00",-2.86190725051379,-1.15628558511536
"637",524857,"2009-12-31 11:36:00",-2.15724688562171,-1.40093250792442
"638",524858,"2009-12-31 11:37:00",-1.74509437599334,-1.09045599174757
"639",524859,"2009-12-31 11:38:00",-1.33656575770393,-0.7716666
"640",524860,"2009-12-31 11:39:00",-1.37511995019651,-0.700658610732634
"641",524861,"2009-12-31 11:40:00",-1.32289475312795,-0.794875360272774
"642",524862,"2009-12-31 11:41:00",-1.2794812097716,-0.863020973130799
"643",524863,"2009-12-31 11:42:00",-1.38713869161584,-0.676552744761657
"644",524864,"2009-12-31 11:43:00",-1.81690977855902,-0.9660680657378
"645",524865,"2009-12-31 11:44:00",-2.55896241954321,-1.7260419462616
"646",524866,"2009-12-31 11:45:00",-2.32953670303174,-2.02503536120162
"647",524867,"2009-12-31 11:46:00",-2.22760959617322,-1.286111
"648",524868,"2009-12-31 11:47:00",-2.01281022228377,-0.427836020142911
"649",524869,"2009-12-31 11:48:00",-1.98766052859914,-0.532592033465357
"650",524870,"2009-12-31 11:49:00",-2.43208368156523,-0.837433569394098
"651",524871,"2009-12-31 11:50:00",-2.43208368156523,-0.837433569394098
"652",524872,"2009-12-31 11:51:00",-1.87987337931869,-0.836973553220577
"653",524873,"2009-12-31 11:52:00",-2.15724688562171,-1.40093250792442
"654",524874,"2009-12-31 11:53:00",-2.20482458854659,-1.32479226712129
"655",524875,"2009-12-31 11:54:00",-1.49748960817986,-0.373366093285901
"656",524876,"2009-12-31 11:55:00",-1.53487865924878,-0.161322247705951
"657",524877,"2009-12-31 11:56:00",-1.53746035122897,-0.134510351353121
"658",524878,"2009-12-31 11:57:00",-1.51988650084114,-0.267996997712872
"659",524879,"2009-12-31 11:58:00",-1.52831358738875,-0.214790467258621
"660",524880,"2009-12-31 11:59:00",-2.04243923781372,-0.25078000498582
"661",524881,"2009-12-31 12:00:00",-1.49748960817986,-0.373366093285901
"662",524882,"2009-12-31 12:01:00",-0.989031392819942,-0.283600188261726
"663",524883,"2009-12-31 12:02:00",-1.01622147152892,-0.160953669013885
"664",524884,"2009-12-31 12:03:00",-1.02747874365819,-0.053847879215655
"665",524885,"2009-12-31 12:04:00",-1.5433332,-1.66533453693773e-16
"666",524886,"2009-12-31 12:05:00",-2.05495748731638,-0.10769575843131
"667",524887,"2009-12-31 12:06:00",-2.03775144985166,-0.286387289678162
"668",524888,"2009-12-31 12:07:00",-1.98766052859914,-0.532592033465357
"669",524889,"2009-12-31 12:08:00",-1.50960766671283,-0.320877015107183
"670",524890,"2009-12-31 12:09:00",-1.02497356748598,-0.0896735675687472
"671",524891,"2009-12-31 12:10:00",-1.51497782223727,-0.294481857423268
"672",524892,"2009-12-31 12:11:00",-2.53314416806857,-0.446661662854787
"673",524893,"2009-12-31 12:12:00",-2.04650487899838,-0.215096330274601
"674",524894,"2009-12-31 12:13:00",-2.01281022228377,-0.427836020142911
"675",524895,"2009-12-31 12:14:00",-1.9678625055942,-0.601635944852263
"676",524896,"2009-12-31 12:15:00",-1.99665281090648,-0.497821457714535
"677",524897,"2009-12-31 12:16:00",-1.48354708922991,-0.425400282392589
"678",524898,"2009-12-31 12:17:00",-2.01281022228377,-0.427836020142911
"679",524899,"2009-12-31 12:18:00",-2.52496303706212,-0.490803095705447
"680",524900,"2009-12-31 12:19:00",-2.4958160136331,-0.622276822143168
"681",524901,"2009-12-31 12:20:00",-2.53314416806857,-0.446661662854787
"682",524902,"2009-12-31 12:21:00",-2.51601277785471,-0.534795025178639
"683",524903,"2009-12-31 12:22:00",-2.48457566074892,-0.665740041831697
"684",524904,"2009-12-31 12:23:00",-1.99665281090648,-0.497821457714535
"685",524905,"2009-12-31 12:24:00",-1.51988650084114,-0.267996997712872
"686",524906,"2009-12-31 12:25:00",-1.48354708922991,-0.425400282392589
"687",524907,"2009-12-31 12:26:00",-1.94566694525218,-0.669946855515278
"688",524908,"2009-12-31 12:27:00",-2.55304904726714,-0.313475006232275
"689",524909,"2009-12-31 12:28:00",-2.04243923781372,-0.25078000498582
"690",524910,"2009-12-31 12:29:00",-1.92110088944439,-0.737441539132249
"691",524911,"2009-12-31 12:30:00",-2.15724688562171,-1.40093250792442
"692",524912,"2009-12-31 12:31:00",-2.98545615613374,-2.01371560397186
"693",524913,"2009-12-31 12:32:00",-2.72536466783853,-1.4491020986067
"694",524914,"2009-12-31 12:33:00",-2.75023990039302,-1.40131722146527
"695",524915,"2009-12-31 12:34:00",-2.58869626274606,-1.68111900950931
"696",524916,"2009-12-31 12:35:00",-2.36774283515714,-1.00504720478494
"697",524917,"2009-12-31 12:36:00",-2.43208368156523,-0.837433569394098
"698",524918,"2009-12-31 12:37:00",-2.77427738323168,-1.35310548952331
"699",524919,"2009-12-31 12:38:00",-2.36774283515714,-1.00504720478494
"700",524920,"2009-12-31 12:39:00",-2.29186658366085,-1.16776435122106
"701",524921,"2009-12-31 12:40:00",-2.31189781935974,-1.12758790793609
"702",524922,"2009-12-31 12:41:00",-2.47257848204985,-0.709000470654314
"703",524923,"2009-12-31 12:42:00",-2.54718931231458,-0.357984112097702
"704",524924,"2009-12-31 12:43:00",-2.04994713497196,-0.179347135137494
"705",524925,"2009-12-31 12:44:00",-2.03775144985166,-0.286387289678162
"706",524926,"2009-12-31 12:45:00",-2.4958160136331,-0.622276822143168
"707",524927,"2009-12-31 12:46:00",-2.36774283515714,-1.00504720478494
"708",524928,"2009-12-31 12:47:00",-2.44632849445775,-0.794860311305116
"709",524929,"2009-12-31 12:48:00",-1.53487865924878,-0.161322247705951
"710",524930,"2009-12-31 12:49:00",-1.54121811548729,-0.0807718188234824
"711",524931,"2009-12-31 12:50:00",-0.993830264299568,-0.266296016732679
"712",524932,"2009-12-31 12:51:00",-0.509437862462916,-0.0715968224195405
"713",524933,"2009-12-31 12:52:00",-0.504992607412423,0.0981606191410893
"714",524934,"2009-12-31 12:53:00",-1.02497356748598,0.0896735675687465
"715",524935,"2009-12-31 12:54:00",-1.01622147152892,-0.160953669013885
"716",524936,"2009-12-31 12:55:00",-2.03775144985166,-0.286387289678162
"717",524937,"2009-12-31 12:56:00",-2.56243391871495,0.224183918921866
"718",524938,"2009-12-31 12:57:00",-2.02651533445485,0.35732933028383
"719",524939,"2009-12-31 12:58:00",-2.04994713497196,0.179347135137493
"720",524940,"2009-12-31 12:59:00",-1.5433332,-1.66533453693773e-16
"721",524941,"2009-12-31 13:00:00",-1.52831358738875,0.214790467258621
"722",524942,"2009-12-31 13:01:00",-1.53957371789246,0.107657481844236
"723",524943,"2009-12-31 13:02:00",-1.01887572492583,0.143193644839081
"724",524944,"2009-12-31 13:03:00",-0.993830264299568,0.266296016732678
"725",524945,"2009-12-31 13:04:00",-1.50960766671283,0.320877015107183
"726",524946,"2009-12-31 13:05:00",-1.46779709667465,0.47691618678307
"727",524947,"2009-12-31 13:06:00",-1.70597494636214,1.15069463084106
"728",524948,"2009-12-31 13:07:00",-1.48024132792535,1.42945243438303
"729",524949,"2009-12-31 13:08:00",-1.09130137135033,1.09130137135033
"730",524950,"2009-12-31 13:09:00",-1.32289475312795,0.794875360272774
"731",524951,"2009-12-31 13:10:00",-1.02873209525223,-0.0179565855163688
"732",524952,"2009-12-31 13:11:00",-0.509437862462916,-0.0715968224195405
"733",524953,"2009-12-31 13:12:00",-1.53487865924878,0.161322247705949
"734",524954,"2009-12-31 13:13:00",-1.89419426812571,0.804037763827949
"735",524955,"2009-12-31 13:14:00",-1.57634909565471,1.3227139447705
"736",524956,"2009-12-31 13:15:00",-0.950170794831069,1.21616315799827
"737",524957,"2009-12-31 13:16:00",-1.19939516356246,0.971251052944197
"738",524958,"2009-12-31 13:17:00",-1.37511995019651,0.700658610732633
"739",524959,"2009-12-31 13:18:00",-1.23256069735492,0.928801105489324
"740",524960,"2009-12-31 13:19:00",-1.62155087733103,1.26689439310809
"741",524961,"2009-12-31 13:20:00",-1.6856327277321,1.18029274261101
"742",524962,"2009-12-31 13:21:00",-1.05255071143001,1.12872244865176
"743",524963,"2009-12-31 13:22:00",-1.42945243438303,1.48024132792535
"744",524964,"2009-12-31 13:23:00",-1.62155087733103,1.26689439310809
"745",524965,"2009-12-31 13:24:00",-0.971251052944197,1.19939516356246
"746",524966,"2009-12-31 13:25:00",-1.09130137135033,1.09130137135033
"747",524967,"2009-12-31 13:26:00",-0.647500701962798,0.799596775708309
"748",524968,"2009-12-31 13:27:00",-0.688460986619838,0.764613387711645
"749",524969,"2009-12-31 13:28:00",-1.74509437599334,1.09045599174757
"750",524970,"2009-12-31 13:29:00",-1.88120408108627,1.75425118571668
"751",524971,"2009-12-31 13:30:00",-1.51191415722225,2.08097131130512
"752",524972,"2009-12-31 13:31:00",-0.817841993810678,1.308820781995
"753",524973,"2009-12-31 13:32:00",-1.27948120977161,0.863020973130799
"754",524974,"2009-12-31 13:33:00",-1.93367842593854,0.70380138968435
"755",524975,"2009-12-31 13:34:00",-1.33656575770393,0.7716666
"756",524976,"2009-12-31 13:35:00",-0.740120663962674,0.714726217191513
"757",524977,"2009-12-31 13:36:00",-1.16476835151587,1.01251768060081
"758",524978,"2009-12-31 13:37:00",-1.308820781995,0.817841993810678
"759",524979,"2009-12-31 13:38:00",-1.47589687919565,0.451226958639196
"760",524980,"2009-12-31 13:39:00",-1.49748960817986,0.373366093285901
"761",524981,"2009-12-31 13:40:00",-0.590146371305505,0.842816363866047
"762",524982,"2009-12-31 13:41:00",-0.196321238282179,1.00998521482485
"763",524983,"2009-12-31 13:42:00",-0.351900694842176,0.966839212969268
"764",524984,"2009-12-31 13:43:00",-0.545227995873785,0.87254718799667
"765",524985,"2009-12-31 13:44:00",-0.971251052944197,1.19939516356246
"766",524986,"2009-12-31 13:45:00",-0.661356972385252,0.788174547827353
"767",524987,"2009-12-31 13:46:00",-0.810775438665516,0.633447196554046
"768",524988,"2009-12-31 13:47:00",-0.891043838469286,0.5144444
"769",524989,"2009-12-31 13:48:00",-1.33656575770393,0.7716666
"770",524990,"2009-12-31 13:49:00",-0.960550444722194,0.368720769566125
"771",524991,"2009-12-31 13:50:00",-1.01887572492583,0.143193644839081
"772",524992,"2009-12-31 13:51:00",-1.0288888,-1.11022302462516e-16
"773",524993,"2009-12-31 13:52:00",-1.02325243949919,-0.1075481651373
"774",524994,"2009-12-31 13:53:00",-1.00640511114188,-0.213918010071455
"775",524995,"2009-12-31 13:54:00",-1.02497356748598,0.0896735675687465
"776",524996,"2009-12-31 13:55:00",-0.881929835418636,0.529916906848516
"777",524997,"2009-12-31 13:56:00",-0.740120663962674,0.714726217191513
"778",524998,"2009-12-31 13:57:00",-0.209243388305144,0.469968344829673
"779",524999,"2009-12-31 13:58:00",1.11022302462516e-16,0
"780",525000,"2009-12-31 13:59:00",-0.350850237143336,0.376240816217253
"781",525001,"2009-12-31 14:00:00",-0.529916906848516,0.881929835418635
"782",525002,"2009-12-31 14:01:00",-0.24151701643445,0.454227444639755
"783",525003,"2009-12-31 14:02:00",1.11022302462516e-16,0
"784",525004,"2009-12-31 14:03:00",-0.752481632434506,0.701700474286672
"785",525005,"2009-12-31 14:04:00",-0.764613387711646,0.688460986619838
"786",525006,"2009-12-31 14:05:00",-0.647500701962798,0.799596775708309
"787",525007,"2009-12-31 14:06:00",-1.05255071143001,1.12872244865176
"788",525008,"2009-12-31 14:07:00",-1.19939516356246,0.971251052944197
"789",525009,"2009-12-31 14:08:00",-1.16476835151587,1.01251768060081
"790",525010,"2009-12-31 14:09:00",-1.52922677542329,1.37692197323968
"791",525011,"2009-12-31 14:10:00",-1.42945243438303,1.48024132792535
"792",525012,"2009-12-31 14:11:00",-1.19939516356246,0.971251052944197
"793",525013,"2009-12-31 14:12:00",-1.70597494636214,1.15069463084106
"794",525014,"2009-12-31 14:13:00",-1.57634909565471,1.3227139447705
"795",525015,"2009-12-31 14:14:00",-1.55302446868782,1.35002357413442
"796",525016,"2009-12-31 14:15:00",-1.21616315799827,0.950170794831069
"797",525017,"2009-12-31 14:16:00",-0.832388524522047,0.6047656628889
"798",525018,"2009-12-31 14:17:00",-0.947097134062857,0.402018881913975
"799",525019,"2009-12-31 14:18:00",-0.960550444722194,0.368720769566125
"800",525020,"2009-12-31 14:19:00",-0.832388524522047,0.6047656628889
"801",525021,"2009-12-31 14:20:00",-0.939936689659347,0.418486776610288
"802",525022,"2009-12-31 14:21:00",-1.45925020893914,0.502460141636458
"803",525023,"2009-12-31 14:22:00",-1.11018099594401,1.07208932578727
"804",525024,"2009-12-31 14:23:00",-1.23256069735492,0.928801105489324
"805",525025,"2009-12-31 14:24:00",-0.916746633464341,0.467105740488422
"806",525026,"2009-12-31 14:25:00",-0.764613387711646,0.688460986619838
"807",525027,"2009-12-31 14:26:00",-0.764613387711646,0.688460986619838
"808",525028,"2009-12-31 14:27:00",-0.647500701962798,0.799596775708309
"809",525029,"2009-12-31 14:28:00",-0.661356972385252,0.788174547827353
"810",525030,"2009-12-31 14:29:00",-0.810775438665516,0.633447196554046
"811",525031,"2009-12-31 14:30:00",-0.399798387854155,0.323750350981399
"812",525032,"2009-12-31 14:31:00",-0.394087273913677,0.330678486192626
"813",525033,"2009-12-31 14:32:00",-0.0269239396078277,0.513739371829096
"814",525034,"2009-12-31 14:33:00",0.382306693855823,0.344230493309919
"815",525035,"2009-12-31 14:34:00",0.416194262261023,0.30238283144445
"816",525036,"2009-12-31 14:35:00",1.24858278678307,0.90714849433335
"817",525037,"2009-12-31 14:36:00",1.14692008156747,1.03269147992976
"818",525038,"2009-12-31 14:37:00",1.12872244865176,1.05255071143001
"819",525039,"2009-12-31 14:38:00",0.764613387711646,0.688460986619838
"820",525040,"2009-12-31 14:39:00",1.07208932578727,1.11018099594401
"821",525041,"2009-12-31 14:40:00",0.950170794831069,1.21616315799827
"822",525042,"2009-12-31 14:41:00",0.928801105489325,1.23256069735492
"823",525043,"2009-12-31 14:42:00",0.652240794270711,1.39873489715219
"824",525044,"2009-12-31 14:43:00",0.334973427757639,0.97283347262609
"825",525045,"2009-12-31 14:44:00",0.272613997936893,0.436273593998335
"826",525046,"2009-12-31 14:45:00",1.11022302462516e-16,0
"827",525047,"2009-12-31 14:46:00",0.133148008366339,0.496915132149784
"828",525048,"2009-12-31 14:47:00",0.115724810181297,0.501259223356401
"829",525049,"2009-12-31 14:48:00",0.249407594201855,0.449943210467502
"830",525050,"2009-12-31 14:49:00",0.287673657710266,0.426493736590535
"831",525051,"2009-12-31 14:50:00",0.192714264185893,0.476984541752298
"832",525052,"2009-12-31 14:51:00",1.11022302462516e-16,0
"833",525053,"2009-12-31 14:52:00",0.30238283144445,0.416194262261023
"834",525054,"2009-12-31 14:53:00",0.675011787067208,0.776512234343912
"835",525055,"2009-12-31 14:54:00",0.434827196180474,0.932489931434794
"836",525056,"2009-12-31 14:55:00",0.603028322870962,1.42064570109429
"837",525057,"2009-12-31 14:56:00",1.18029274261101,1.6856327277321
"838",525058,"2009-12-31 14:57:00",1.18029274261101,1.6856327277321
"839",525059,"2009-12-31 14:58:00",1.2950014039256,1.59919355141662
"840",525060,"2009-12-31 14:59:00",1.45506849513378,1.45506849513378
"841",525061,"2009-12-31 15:00:00",1.52922677542329,1.37692197323968
"842",525062,"2009-12-31 15:01:00",1.40340094857334,1.50496326486901
"843",525063,"2009-12-31 15:02:00",1.35002357413442,1.55302446868782
"844",525064,"2009-12-31 15:03:00",1.52922677542329,1.37692197323968
"845",525065,"2009-12-31 15:04:00",1.6856327277321,1.18029274261101
"846",525066,"2009-12-31 15:05:00",1.26422454579907,0.885219556958256
"847",525067,"2009-12-31 15:06:00",1.57634909565471,1.3227139447705
"848",525068,"2009-12-31 15:07:00",1.50496326486901,1.40340094857334
"849",525069,"2009-12-31 15:08:00",1.37692197323968,1.52922677542329
"850",525070,"2009-12-31 15:09:00",1.35002357413442,1.55302446868782
"851",525071,"2009-12-31 15:10:00",1.35002357413442,1.55302446868782
"852",525072,"2009-12-31 15:11:00",1.40340094857334,1.50496326486901
"853",525073,"2009-12-31 15:12:00",1.45506849513378,1.45506849513378
"854",525074,"2009-12-31 15:13:00",1.40340094857334,1.50496326486901
"855",525075,"2009-12-31 15:14:00",1.12074600633954,1.72579750849737
"856",525076,"2009-12-31 15:15:00",0.863020973130799,1.2794812097716
"857",525077,"2009-12-31 15:16:00",1.23840147398577,1.64341426313989
"858",525078,"2009-12-31 15:17:00",0.794875360272774,1.32289475312795
"859",525079,"2009-12-31 15:18:00",0.545227995873785,0.87254718799667
"860",525080,"2009-12-31 15:19:00",0.5144444,0.891043838469286
"861",525081,"2009-12-31 15:20:00",0.451035163174438,0.924759127743894
"862",525082,"2009-12-31 15:21:00",0.72455104930335,1.36268233391926
"863",525083,"2009-12-31 15:22:00",0.467105740488423,0.916746633464341
"864",525084,"2009-12-31 15:23:00",0.192714264185893,0.476984541752298
"865",525085,"2009-12-31 15:24:00",0.368720769566125,0.960550444722194
"866",525086,"2009-12-31 15:25:00",0.467105740488423,0.916746633464341
"867",525087,"2009-12-31 15:26:00",0.529916906848516,0.881929835418635
"868",525088,"2009-12-31 15:27:00",0.4830340328689,0.90845488927951
"869",525089,"2009-12-31 15:28:00",0.676552744761657,1.38713869161584
"870",525090,"2009-12-31 15:29:00",0.451035163174438,0.924759127743894
"871",525091,"2009-12-31 15:30:00",1.11022302462516e-16,0
"872",525092,"2009-12-31 15:31:00",0.316723598277023,0.405387719332758
"873",525093,"2009-12-31 15:32:00",0.350850237143336,0.376240816217253
"874",525094,"2009-12-31 15:33:00",0.272613997936893,0.436273593998335
"875",525095,"2009-12-31 15:34:00",1.11022302462516e-16,0
"876",525096,"2009-12-31 15:35:00",1.11022302462516e-16,0
"877",525097,"2009-12-31 15:36:00",1.11022302462516e-16,0
"878",525098,"2009-12-31 15:37:00",1.11022302462516e-16,0
"879",525099,"2009-12-31 15:38:00",0.295073185652752,0.421408181933024
"880",525100,"2009-12-31 15:39:00",0.764613387711646,0.688460986619838
"881",525101,"2009-12-31 15:40:00",0.764613387711646,0.688460986619838
"882",525102,"2009-12-31 15:41:00",0.560373003169769,0.862898754248686
"883",525103,"2009-12-31 15:42:00",0.133148008366339,0.496915132149784
"884",525104,"2009-12-31 15:43:00",1.11022302462516e-16,0
"885",525105,"2009-12-31 15:44:00",1.11022302462516e-16,0
"886",525106,"2009-12-31 15:45:00",0.24151701643445,0.454227444639755
"887",525107,"2009-12-31 15:46:00",0.560373003169769,0.862898754248686
"888",525108,"2009-12-31 15:47:00",0.545227995873785,0.87254718799667
"889",525109,"2009-12-31 15:48:00",1.14692008156747,1.03269147992976
"890",525110,"2009-12-31 15:49:00",1.09130137135033,1.09130137135033
"891",525111,"2009-12-31 15:50:00",0.90714849433335,1.24858278678307
"892",525112,"2009-12-31 15:51:00",0.992035458577878,1.18226182174103
"893",525113,"2009-12-31 15:52:00",0.971251052944197,1.19939516356246
"894",525114,"2009-12-31 15:53:00",1.03269147992976,1.14692008156747
"895",525115,"2009-12-31 15:54:00",1.12872244865176,1.05255071143001
"896",525116,"2009-12-31 15:55:00",0.764613387711646,0.688460986619838
"897",525117,"2009-12-31 15:56:00",0.950170794831069,1.21616315799827
"898",525118,"2009-12-31 15:57:00",0.928801105489325,1.23256069735492
"899",525119,"2009-12-31 15:58:00",1.12872244865176,1.05255071143001
"900",525120,"2009-12-31 15:59:00",1.6856327277321,1.18029274261101
"901",525121,"2009-12-31 16:00:00",1.66477704904409,1.2095313257778
"902",525122,"2009-12-31 16:01:00",1.6856327277321,1.18029274261101
"903",525123,"2009-12-31 16:02:00",1.16476835151587,1.01251768060081
"904",525124,"2009-12-31 16:03:00",1.01251768060081,1.16476835151587
"905",525125,"2009-12-31 16:04:00",0.992035458577878,1.18226182174103
"906",525126,"2009-12-31 16:05:00",1.12074600633954,1.72579750849737
"907",525127,"2009-12-31 16:06:00",1.23840147398577,1.64341426313989
"908",525128,"2009-12-31 16:07:00",1.50496326486901,1.40340094857334
"909",525129,"2009-12-31 16:08:00",1.57634909565471,1.3227139447705
"910",525130,"2009-12-31 16:09:00",1.64341426313989,1.23840147398577
"911",525131,"2009-12-31 16:10:00",1.64341426313989,1.23840147398577
"912",525132,"2009-12-31 16:11:00",1.62155087733103,1.26689439310809
"913",525133,"2009-12-31 16:12:00",1.16476835151587,1.01251768060081
"914",525134,"2009-12-31 16:13:00",1.07208932578727,1.11018099594401
"915",525135,"2009-12-31 16:14:00",1.35002357413442,1.55302446868782
"916",525136,"2009-12-31 16:15:00",1.35002357413442,1.55302446868782
"917",525137,"2009-12-31 16:16:00",1.05255071143001,1.12872244865176
"918",525138,"2009-12-31 16:17:00",0.661356972385252,0.788174547827354
"919",525139,"2009-12-31 16:18:00",0.209243388305144,0.469968344829673
"920",525140,"2009-12-31 16:19:00",0.334973427757639,0.97283347262609
"921",525141,"2009-12-31 16:20:00",0.300817972426131,0.9839312527971
"922",525142,"2009-12-31 16:21:00",0.0626950012464551,0.510609809453429
"923",525143,"2009-12-31 16:22:00",0.0717716545628247,1.02638247859497
"924",525144,"2009-12-31 16:23:00",0.0896735675687467,1.02497356748598
"925",525145,"2009-12-31 16:24:00",0.248910728857268,0.998326405453238
"926",525146,"2009-12-31 16:25:00",0.603028322870962,1.42064570109429
"927",525147,"2009-12-31 16:26:00",0.794875360272774,1.32289475312795
"928",525148,"2009-12-31 16:27:00",0.817841993810678,1.308820781995
"929",525149,"2009-12-31 16:28:00",0.794875360272774,1.32289475312795
"930",525150,"2009-12-31 16:29:00",1.09045599174757,1.74509437599334
"931",525151,"2009-12-31 16:30:00",1.09045599174757,1.74509437599334
"932",525152,"2009-12-31 16:31:00",0.869654392360948,1.86497986286959
"933",525153,"2009-12-31 16:32:00",0.502460141636458,1.45925020893914
"934",525154,"2009-12-31 16:33:00",0.603028322870962,1.42064570109429
"935",525155,"2009-12-31 16:34:00",1.0288888,1.78208767693857
"936",525156,"2009-12-31 16:35:00",1.18029274261101,1.6856327277321
"937",525157,"2009-12-31 16:36:00",1.37692197323968,1.52922677542329
"938",525158,"2009-12-31 16:37:00",1.40340094857334,1.50496326486901
"939",525159,"2009-12-31 16:38:00",1.23840147398577,1.64341426313989
"940",525160,"2009-12-31 16:39:00",1.42945243438303,1.48024132792535
"941",525161,"2009-12-31 16:40:00",1.09130137135033,1.09130137135033
"942",525162,"2009-12-31 16:41:00",1.03269147992976,1.14692008156747
"943",525163,"2009-12-31 16:42:00",1.57634909565471,1.3227139447705
"944",525164,"2009-12-31 16:43:00",1.52922677542329,1.37692197323968
"945",525165,"2009-12-31 16:44:00",1.09130137135033,1.09130137135033
"946",525166,"2009-12-31 16:45:00",1.45506849513378,1.45506849513378
"947",525167,"2009-12-31 16:46:00",1.50496326486901,1.40340094857334
"948",525168,"2009-12-31 16:47:00",1.48024132792535,1.42945243438303
"949",525169,"2009-12-31 16:48:00",1.2950014039256,1.59919355141662
"950",525170,"2009-12-31 16:49:00",1.45506849513378,1.45506849513378
"951",525171,"2009-12-31 16:50:00",1.72579750849737,1.12074600633954
"952",525172,"2009-12-31 16:51:00",1.84951825548779,0.902070326348875
"953",525173,"2009-12-31 16:52:00",1.90793816700919,0.770857056743571
"954",525174,"2009-12-31 16:53:00",1.89419426812571,0.804037763827949
"955",525175,"2009-12-31 16:54:00",1.81690977855902,0.9660680657378
"956",525176,"2009-12-31 16:55:00",1.64341426313989,1.23840147398577
"957",525177,"2009-12-31 16:56:00",1.59919355141662,1.2950014039256
"958",525178,"2009-12-31 16:57:00",1.6856327277321,1.18029274261101
"959",525179,"2009-12-31 16:58:00",1.19939516356246,0.971251052944197
"960",525180,"2009-12-31 16:59:00",1.01251768060081,1.16476835151587
"961",525181,"2009-12-31 17:00:00",1.37692197323968,1.52922677542329
"962",525182,"2009-12-31 17:01:00",1.50496326486901,1.40340094857334
"963",525183,"2009-12-31 17:02:00",1.50496326486901,1.40340094857334
"964",525184,"2009-12-31 17:03:00",1.50496326486901,1.40340094857334
"965",525185,"2009-12-31 17:04:00",1.48024132792535,1.42945243438303
"966",525186,"2009-12-31 17:05:00",1.50496326486901,1.40340094857334
"967",525187,"2009-12-31 17:06:00",1.50496326486901,1.40340094857334
"968",525188,"2009-12-31 17:07:00",1.35002357413442,1.55302446868782
"969",525189,"2009-12-31 17:08:00",1.35002357413442,1.55302446868782
"970",525190,"2009-12-31 17:09:00",1.42945243438303,1.48024132792535
"971",525191,"2009-12-31 17:10:00",1.45506849513378,1.45506849513378
"972",525192,"2009-12-31 17:11:00",0.992035458577878,1.18226182174103
"973",525193,"2009-12-31 17:12:00",0.885219556958256,1.26422454579907
"974",525194,"2009-12-31 17:13:00",0.950170794831069,1.21616315799827
"975",525195,"2009-12-31 17:14:00",1.23840147398577,1.64341426313989
"976",525196,"2009-12-31 17:15:00",1.2095313257778,1.66477704904409
"977",525197,"2009-12-31 17:16:00",1.2950014039256,1.59919355141662
"978",525198,"2009-12-31 17:17:00",1.2950014039256,1.59919355141662
"979",525199,"2009-12-31 17:18:00",1.26689439310809,1.62155087733103
"980",525200,"2009-12-31 17:19:00",1.35002357413442,1.55302446868782
"981",525201,"2009-12-31 17:20:00",1.48024132792535,1.42945243438303
"982",525202,"2009-12-31 17:21:00",1.45506849513378,1.45506849513378
"983",525203,"2009-12-31 17:22:00",1.3227139447705,1.57634909565471
"984",525204,"2009-12-31 17:23:00",0.971251052944197,1.19939516356246
"985",525205,"2009-12-31 17:24:00",1.37692197323968,1.52922677542329
"986",525206,"2009-12-31 17:25:00",1.68752946766802,1.94128058585978
"987",525207,"2009-12-31 17:26:00",1.12074600633954,1.72579750849737
"988",525208,"2009-12-31 17:27:00",0.627730164915433,1.40990503448902
"989",525209,"2009-12-31 17:28:00",0.627730164915433,1.40990503448902
"990",525210,"2009-12-31 17:29:00",0.676552744761657,1.38713869161584
"991",525211,"2009-12-31 17:30:00",0.676552744761657,1.38713869161584
"992",525212,"2009-12-31 17:31:00",0.334973427757639,0.97283347262609
"993",525213,"2009-12-31 17:32:00",0.106959005035728,0.503202555570942
"994",525214,"2009-12-31 17:33:00",0.213918010071456,1.00640511114188
"995",525215,"2009-12-31 17:34:00",0.320877015107183,1.50960766671283
"996",525216,"2009-12-31 17:35:00",0.451226958639196,1.47589687919565
"997",525217,"2009-12-31 17:36:00",0.451226958639196,1.47589687919565
"998",525218,"2009-12-31 17:37:00",0.553081154349187,1.44082566708329
"999",525219,"2009-12-31 17:38:00",0.7716666,1.33656575770393
"1000",525220,"2009-12-31 17:39:00",1.09045599174757,1.74509437599334
